customer_id,membership_id,membership_type_id
17850,MEM10001,1
13047,MEM10002,1
12583,MEM10003,2
13748,MEM10004,2
15100,MEM10005,1
15291,MEM10006,3
14688,MEM10007,2
17809,MEM10008,1
15311,MEM10009,3
14527,MEM10010,1
16098,MEM10011,1
18074,MEM10012,2
17420,MEM10013,3
12431,MEM10014,3
17511,MEM10015,2
13747,MEM10016,2
13408,MEM10017,3
13767,MEM10018,3
17924,MEM10019,3
15862,MEM10020,2
12791,MEM10021,1
14045,MEM10022,1
17920,MEM10023,2
12838,MEM10025,1
16583,MEM10026,2
13758,MEM10027,3
13694,MEM10028,2
15983,MEM10029,2
14849,MEM10030,3
16210,MEM10031,2
17377,MEM10032,3
16552,MEM10033,1
17181,MEM10034,1
17951,MEM10035,2
12748,MEM10036,2
15012,MEM10037,3
17572,MEM10038,3
14078,MEM10039,3
12662,MEM10040,1
17905,MEM10041,3
15485,MEM10042,2
12433,MEM10043,2
16955,MEM10044,1
15350,MEM10045,3
15605,MEM10046,3
18144,MEM10047,2
15922,MEM10048,2
14594,MEM10049,1
15165,MEM10050,2
16456,MEM10051,1
12472,MEM10052,2
17643,MEM10053,3
17873,MEM10054,2
13093,MEM10055,1
12921,MEM10056,2
16928,MEM10057,3
16048,MEM10058,2
14496,MEM10059,1
16539,MEM10060,2
17025,MEM10061,2
17460,MEM10062,1
18229,MEM10063,3
14142,MEM10064,3
14606,MEM10065,1
15235,MEM10066,3
13090,MEM10067,1
15694,MEM10068,1
14741,MEM10069,3
13715,MEM10070,1
14092,MEM10071,3
17732,MEM10072,1
15752,MEM10073,2
17855,MEM10074,1
14047,MEM10075,2
13941,MEM10076,2
17017,MEM10077,1
13108,MEM10078,3
15601,MEM10079,2
14766,MEM10080,1
15658,MEM10081,1
14388,MEM10082,3
14901,MEM10083,1
16244,MEM10084,1
15111,MEM10085,3
16546,MEM10086,1
15260,MEM10087,1
13305,MEM10088,2
14060,MEM10089,2
15923,MEM10090,1
16752,MEM10091,1
15363,MEM10092,3
15544,MEM10093,1
15738,MEM10094,2
16042,MEM10095,3
14466,MEM10096,2
17235,MEM10097,3
16510,MEM10098,3
17802,MEM10099,3
15107,MEM10100,1
14449,MEM10101,3
15838,MEM10102,2
16781,MEM10103,3
17547,MEM10104,3
13491,MEM10105,2
16186,MEM10106,2
17685,MEM10107,2
17581,MEM10108,3
15732,MEM10109,1
15823,MEM10110,2
17567,MEM10111,1
15061,MEM10112,2
16203,MEM10113,3
15574,MEM10114,3
16770,MEM10115,3
17228,MEM10116,1
14829,MEM10117,2
17412,MEM10118,2
15834,MEM10119,1
13958,MEM10120,2
14443,MEM10121,2
14156,MEM10122,1
17757,MEM10123,2
13011,MEM10124,2
13798,MEM10125,1
15384,MEM10126,3
13295,MEM10127,3
16754,MEM10128,1
18239,MEM10129,3
13145,MEM10130,3
14865,MEM10131,1
15093,MEM10132,2
12738,MEM10133,3
17961,MEM10134,3
17135,MEM10135,1
14213,MEM10136,1
12967,MEM10137,2
12686,MEM10138,1
15240,MEM10139,3
18225,MEM10140,3
13370,MEM10141,2
16883,MEM10142,3
16905,MEM10143,1
12427,MEM10144,2
17967,MEM10145,1
16891,MEM10146,1
14680,MEM10148,1
12557,MEM10149,2
16013,MEM10150,1
12779,MEM10151,2
14723,MEM10152,2
17954,MEM10153,1
15373,MEM10154,2
14898,MEM10155,2
12725,MEM10156,2
16725,MEM10157,1
12395,MEM10158,3
16455,MEM10159,2
15545,MEM10160,3
17243,MEM10161,2
15465,MEM10162,2
15708,MEM10163,2
16033,MEM10164,2
13838,MEM10165,2
15351,MEM10166,3
15038,MEM10167,1
13069,MEM10168,2
16241,MEM10169,1
16839,MEM10170,2
16168,MEM10171,3
16814,MEM10172,3
13269,MEM10173,1
14813,MEM10174,3
12567,MEM10175,2
15332,MEM10176,1
16353,MEM10177,2
13506,MEM10178,3
15221,MEM10179,3
17211,MEM10180,2
17026,MEM10181,2
15570,MEM10182,1
16718,MEM10183,2
15808,MEM10184,3
17858,MEM10185,3
16393,MEM10186,2
17863,MEM10187,1
15023,MEM10188,3
15426,MEM10189,3
12647,MEM10190,2
15894,MEM10191,1
15867,MEM10192,1
15555,MEM10193,2
13034,MEM10194,3
16143,MEM10195,2
16422,MEM10196,3
15502,MEM10197,2
14081,MEM10198,1
17965,MEM10199,1
13579,MEM10200,2
17677,MEM10201,2
12586,MEM10202,1
16161,MEM10203,1
16858,MEM10204,3
18219,MEM10205,2
14293,MEM10206,2
17674,MEM10207,1
15899,MEM10208,2
17691,MEM10209,2
15039,MEM10210,2
15919,MEM10211,1
13497,MEM10212,3
15860,MEM10213,1
14867,MEM10214,1
14344,MEM10215,3
16719,MEM10216,1
15048,MEM10217,1
16898,MEM10218,2
18113,MEM10219,1
15078,MEM10220,1
14085,MEM10221,3
13155,MEM10222,3
15028,MEM10223,3
17259,MEM10224,2
14487,MEM10225,1
15882,MEM10226,1
14667,MEM10227,2
16710,MEM10228,2
16550,MEM10229,3
15984,MEM10230,3
17682,MEM10231,3
17068,MEM10232,2
15356,MEM10233,2
16817,MEM10234,1
13030,MEM10235,1
17191,MEM10236,2
16654,MEM10237,1
16138,MEM10238,2
13481,MEM10239,2
13495,MEM10240,2
17218,MEM10241,2
17320,MEM10242,3
16782,MEM10243,2
12913,MEM10244,1
17869,MEM10245,2
13564,MEM10246,1
15021,MEM10247,1
13963,MEM10248,2
17450,MEM10249,1
17091,MEM10250,1
17616,MEM10251,1
15649,MEM10252,3
12681,MEM10253,3
17735,MEM10254,3
15018,MEM10255,1
13756,MEM10256,3
14176,MEM10257,2
13319,MEM10258,1
15353,MEM10259,3
18119,MEM10260,1
17491,MEM10261,3
14282,MEM10262,1
13569,MEM10263,1
15498,MEM10264,2
13488,MEM10265,3
15002,MEM10266,1
15965,MEM10267,2
17675,MEM10268,3
13769,MEM10269,2
16904,MEM10270,2
16086,MEM10271,1
13786,MEM10272,3
13173,MEM10273,1
15858,MEM10274,1
15180,MEM10275,3
12347,MEM10276,3
14739,MEM10277,2
16293,MEM10278,1
17419,MEM10279,1
16306,MEM10280,3
16950,MEM10281,3
12839,MEM10282,1
13807,MEM10283,2
16125,MEM10284,1
18102,MEM10285,3
17870,MEM10286,3
13078,MEM10287,1
12709,MEM10288,2
15628,MEM10289,3
12386,MEM10290,2
16779,MEM10291,1
13599,MEM10292,1
17406,MEM10293,3
13983,MEM10294,3
14032,MEM10295,3
17706,MEM10296,3
16081,MEM10297,2
16525,MEM10298,2
14952,MEM10299,2
17975,MEM10300,1
13126,MEM10301,3
15973,MEM10302,1
16558,MEM10303,3
16893,MEM10304,1
18043,MEM10305,2
16016,MEM10306,3
17722,MEM10307,2
17324,MEM10308,1
17341,MEM10309,3
15916,MEM10310,2
16233,MEM10311,2
15032,MEM10312,1
18061,MEM10313,3
16553,MEM10314,2
14217,MEM10315,3
14299,MEM10316,2
18269,MEM10317,1
12766,MEM10318,3
15298,MEM10319,3
13523,MEM10320,3
12870,MEM10321,3
15005,MEM10322,2
15581,MEM10323,1
13649,MEM10324,2
13270,MEM10325,1
13115,MEM10326,3
13531,MEM10327,1
13848,MEM10328,3
13140,MEM10329,2
17999,MEM10330,3
15347,MEM10331,3
17340,MEM10332,1
15996,MEM10333,2
14030,MEM10334,1
16700,MEM10335,2
17655,MEM10336,1
14243,MEM10337,3
12963,MEM10338,1
15079,MEM10339,3
14437,MEM10340,1
12942,MEM10341,3
18092,MEM10342,1
15358,MEM10343,3
12481,MEM10344,2
12721,MEM10345,2
12621,MEM10346,2
18071,MEM10347,2
12755,MEM10348,1
13854,MEM10349,1
12494,MEM10350,2
17411,MEM10351,1
17526,MEM10352,1
14896,MEM10353,1
14440,MEM10354,1
13240,MEM10355,3
14479,MEM10356,2
16065,MEM10357,3
16520,MEM10358,1
15945,MEM10359,3
15181,MEM10360,1
15856,MEM10361,3
13102,MEM10362,1
14205,MEM10363,3
13982,MEM10364,3
16519,MEM10365,3
13021,MEM10366,2
16255,MEM10367,3
17671,MEM10368,2
17646,MEM10369,2
12649,MEM10370,1
17339,MEM10371,1
18230,MEM10372,3
16499,MEM10373,1
14441,MEM10374,1
15279,MEM10375,1
16579,MEM10376,3
17442,MEM10377,3
17950,MEM10378,1
12826,MEM10379,2
17456,MEM10380,3
17307,MEM10381,3
13136,MEM10382,2
12605,MEM10383,2
15211,MEM10384,3
15596,MEM10385,3
16163,MEM10386,3
16907,MEM10387,3
17576,MEM10388,1
14713,MEM10389,1
14702,MEM10390,3
13230,MEM10391,2
17530,MEM10392,3
17696,MEM10393,3
17076,MEM10394,2
17827,MEM10395,2
12731,MEM10396,3
14419,MEM10397,1
14082,MEM10398,2
15723,MEM10399,3
14037,MEM10400,3
14256,MEM10401,2
16062,MEM10402,3
18116,MEM10403,3
16019,MEM10404,1
15881,MEM10405,3
12785,MEM10406,3
16727,MEM10407,2
15514,MEM10408,1
13787,MEM10409,2
17220,MEM10410,2
16873,MEM10411,1
14062,MEM10412,3
18016,MEM10413,3
17126,MEM10414,3
15224,MEM10415,3
17236,MEM10416,2
16367,MEM10417,1
12875,MEM10418,2
17917,MEM10419,3
16010,MEM10420,2
17085,MEM10421,2
13668,MEM10422,2
14684,MEM10423,2
17188,MEM10424,1
15547,MEM10425,3
15998,MEM10426,1
14413,MEM10427,1
18004,MEM10428,1
13959,MEM10429,1
16665,MEM10430,1
15454,MEM10431,3
15044,MEM10432,3
14608,MEM10433,2
13198,MEM10434,2
12540,MEM10435,3
13225,MEM10436,1
15361,MEM10437,1
15689,MEM10438,1
13209,MEM10439,2
13999,MEM10440,3
14498,MEM10441,3
15854,MEM10442,2
17990,MEM10443,1
17338,MEM10444,3
17799,MEM10445,3
17611,MEM10446,1
17524,MEM10447,2
12476,MEM10448,2
17890,MEM10449,2
17375,MEM10450,1
17969,MEM10451,3
13211,MEM10452,2
15777,MEM10453,2
14525,MEM10454,2
13324,MEM10455,1
13948,MEM10456,2
14206,MEM10457,3
16202,MEM10458,3
16442,MEM10459,2
18075,MEM10460,2
15468,MEM10461,1
16570,MEM10462,3
18141,MEM10463,2
16810,MEM10464,2
14961,MEM10465,2
16458,MEM10466,1
16083,MEM10467,1
17194,MEM10468,1
14057,MEM10469,2
14871,MEM10470,2
13178,MEM10471,3
18044,MEM10472,2
16812,MEM10473,1
16191,MEM10474,2
12370,MEM10475,2
17158,MEM10476,1
14415,MEM10477,1
16531,MEM10478,1
16556,MEM10479,2
16805,MEM10480,3
17739,MEM10481,1
13238,MEM10482,1
12867,MEM10483,2
13846,MEM10484,1
14401,MEM10485,2
16145,MEM10486,3
13496,MEM10487,2
13611,MEM10488,3
16954,MEM10489,1
17454,MEM10490,3
12865,MEM10491,2
15512,MEM10492,1
17525,MEM10493,3
14426,MEM10494,3
16003,MEM10495,3
13092,MEM10496,1
13426,MEM10497,3
15101,MEM10498,1
17033,MEM10499,2
13221,MEM10500,1
14201,MEM10501,3
17692,MEM10502,2
16134,MEM10503,3
17551,MEM10504,2
18050,MEM10505,2
12666,MEM10506,1
13124,MEM10507,1
17214,MEM10508,3
15062,MEM10509,3
17980,MEM10510,2
15290,MEM10511,3
17752,MEM10512,3
12577,MEM10513,3
17044,MEM10514,3
13829,MEM10515,2
17633,MEM10516,2
13266,MEM10517,2
15664,MEM10518,3
17496,MEM10519,2
16607,MEM10520,2
13317,MEM10521,2
13890,MEM10522,1
17001,MEM10523,1
15246,MEM10524,1
16037,MEM10525,2
14841,MEM10526,3
16670,MEM10527,1
16985,MEM10528,2
16705,MEM10529,1
15563,MEM10530,3
16746,MEM10531,3
16743,MEM10532,3
17146,MEM10533,2
12877,MEM10534,1
15379,MEM10535,2
14309,MEM10536,1
15157,MEM10537,1
16316,MEM10538,3
15789,MEM10539,1
16560,MEM10540,3
13534,MEM10541,1
17580,MEM10542,2
14777,MEM10543,1
15759,MEM10544,3
14373,MEM10545,3
18176,MEM10546,3
15366,MEM10547,2
18223,MEM10548,3
15532,MEM10549,1
14334,MEM10550,2
18260,MEM10551,2
17392,MEM10552,1
14560,MEM10553,1
12931,MEM10554,3
13627,MEM10555,1
12551,MEM10556,1
14769,MEM10557,3
15780,MEM10558,2
12417,MEM10559,2
17007,MEM10560,2
14016,MEM10561,3
13033,MEM10562,1
12691,MEM10563,1
13869,MEM10564,2
14146,MEM10565,2
12705,MEM10566,1
16885,MEM10567,3
17913,MEM10568,2
14472,MEM10569,1
17358,MEM10570,2
16686,MEM10571,3
17343,MEM10572,2
18256,MEM10573,2
16153,MEM10574,2
14646,MEM10575,3
14113,MEM10576,2
13027,MEM10577,3
17621,MEM10578,1
17090,MEM10579,3
15527,MEM10580,2
15034,MEM10581,1
12423,MEM10582,3
15208,MEM10583,1
14737,MEM10584,2
13029,MEM10585,1
16270,MEM10586,2
12515,MEM10587,2
17593,MEM10588,2
13953,MEM10589,1
14533,MEM10590,1
12734,MEM10591,2
14944,MEM10592,3
17239,MEM10593,1
12383,MEM10594,1
15562,MEM10595,2
13817,MEM10596,3
13165,MEM10597,1
13304,MEM10598,2
12957,MEM10599,3
14462,MEM10600,3
13680,MEM10601,2
17457,MEM10602,3
14732,MEM10603,3
14553,MEM10604,3
13253,MEM10605,1
17389,MEM10606,1
15841,MEM10607,3
16112,MEM10608,2
16600,MEM10609,2
17585,MEM10610,2
15464,MEM10611,3
18226,MEM10612,3
18062,MEM10613,2
12415,MEM10614,1
12503,MEM10615,3
14258,MEM10616,2
15719,MEM10617,2
17634,MEM10618,2
16676,MEM10619,3
16424,MEM10620,3
12735,MEM10621,3
13764,MEM10622,3
13656,MEM10623,2
12413,MEM10624,3
13280,MEM10625,3
16094,MEM10626,3
13187,MEM10627,2
16551,MEM10628,1
16889,MEM10629,1
16473,MEM10630,1
13750,MEM10631,2
12501,MEM10632,2
15607,MEM10633,3
15139,MEM10634,3
12489,MEM10635,3
18198,MEM10636,1
12484,MEM10637,2
18179,MEM10638,2
13233,MEM10639,2
12480,MEM10640,2
14672,MEM10641,2
13593,MEM10642,2
13162,MEM10643,1
13183,MEM10644,2
17095,MEM10645,1
12939,MEM10646,1
15611,MEM10647,2
16326,MEM10648,1
17128,MEM10649,2
14761,MEM10650,1
17555,MEM10651,1
12651,MEM10652,3
16735,MEM10653,2
16833,MEM10654,1
17800,MEM10655,3
16748,MEM10656,3
14755,MEM10657,3
16549,MEM10658,2
15799,MEM10659,3
18032,MEM10660,2
13451,MEM10661,3
14794,MEM10662,3
12500,MEM10663,2
16279,MEM10664,1
12524,MEM10666,2
14321,MEM10667,2
15326,MEM10668,1
17849,MEM10669,2
13672,MEM10670,2
14229,MEM10671,2
12736,MEM10672,3
12393,MEM10673,1
13144,MEM10674,3
15370,MEM10675,3
12643,MEM10676,3
16034,MEM10677,2
14669,MEM10678,3
15518,MEM10679,1
15749,MEM10680,2
15569,MEM10681,1
12728,MEM10682,1
13784,MEM10683,2
13862,MEM10684,1
16791,MEM10685,2
16235,MEM10686,1
14270,MEM10687,2
12523,MEM10688,3
16655,MEM10689,1
16359,MEM10690,2
12359,MEM10691,3
15939,MEM10692,2
14587,MEM10693,3
14040,MEM10694,2
12652,MEM10695,3
14514,MEM10696,3
15171,MEM10697,2
14167,MEM10698,3
14114,MEM10699,1
16315,MEM10700,2
16395,MEM10701,2
15510,MEM10702,1
13614,MEM10703,1
13246,MEM10704,2
15687,MEM10705,3
16493,MEM10706,3
12490,MEM10707,3
12672,MEM10708,3
13385,MEM10709,1
12553,MEM10710,3
14175,MEM10711,2
18106,MEM10712,3
15033,MEM10713,1
14329,MEM10714,3
16401,MEM10715,3
16206,MEM10716,3
12924,MEM10717,2
16593,MEM10718,2
13700,MEM10719,2
13048,MEM10720,2
18069,MEM10721,1
16843,MEM10722,2
17064,MEM10723,3
17609,MEM10724,3
12388,MEM10725,3
13527,MEM10726,2
15696,MEM10727,3
15316,MEM10728,2
12673,MEM10729,2
15296,MEM10730,3
12820,MEM10731,2
13001,MEM10732,3
14101,MEM10733,1
14238,MEM10734,1
17730,MEM10735,2
13929,MEM10736,2
14657,MEM10737,2
18212,MEM10738,1
14292,MEM10739,1
18233,MEM10740,1
17018,MEM10741,1
14242,MEM10742,2
12356,MEM10743,1
12346,MEM10744,1
16948,MEM10745,3
12527,MEM10746,2
15395,MEM10747,3
12510,MEM10748,3
13693,MEM10749,3
13263,MEM10750,3
14428,MEM10751,1
12451,MEM10752,2
12422,MEM10753,3
15606,MEM10754,1
15831,MEM10755,2
14572,MEM10756,2
13502,MEM10757,1
12637,MEM10758,2
17418,MEM10759,2
14779,MEM10760,3
15262,MEM10761,3
17862,MEM10762,3
16892,MEM10763,1
12402,MEM10764,1
17771,MEM10765,1
14770,MEM10766,2
16912,MEM10767,3
12594,MEM10768,3
12664,MEM10769,2
16618,MEM10770,2
17277,MEM10771,2
17094,MEM10772,2
12970,MEM10773,2
17644,MEM10774,1
12916,MEM10775,1
17769,MEM10776,2
14450,MEM10777,3
16085,MEM10778,3
15167,MEM10779,2
15443,MEM10780,2
13742,MEM10781,1
17673,MEM10782,2
12727,MEM10783,1
14068,MEM10784,2
13068,MEM10785,1
15497,MEM10786,2
13819,MEM10787,3
14782,MEM10788,2
17861,MEM10789,1
14439,MEM10790,2
18161,MEM10791,3
15820,MEM10792,2
18136,MEM10793,2
12625,MEM10794,3
13396,MEM10795,3
12935,MEM10796,3
16730,MEM10797,1
14541,MEM10798,2
15052,MEM10799,2
15222,MEM10800,2
13615,MEM10801,1
13158,MEM10802,1
14257,MEM10803,3
15218,MEM10804,3
15110,MEM10805,2
14534,MEM10806,1
15967,MEM10807,2
16757,MEM10808,3
18008,MEM10809,2
14389,MEM10810,1
13703,MEM10811,1
15339,MEM10812,1
16222,MEM10813,2
14341,MEM10814,3
16943,MEM10815,2
17515,MEM10816,1
17082,MEM10817,3
12609,MEM10818,3
13002,MEM10819,3
13049,MEM10820,1
14548,MEM10821,1
13405,MEM10822,1
14049,MEM10823,3
16043,MEM10824,1
13837,MEM10825,3
17118,MEM10826,1
14233,MEM10827,3
17075,MEM10828,3
17027,MEM10829,2
12591,MEM10830,3
17786,MEM10831,3
16124,MEM10832,2
16409,MEM10833,1
16918,MEM10834,3
16882,MEM10835,1
14442,MEM10836,2
12764,MEM10837,2
17311,MEM10838,2
15910,MEM10839,3
16949,MEM10840,2
14970,MEM10841,2
16767,MEM10842,1
17540,MEM10843,3
18125,MEM10844,3
13328,MEM10845,1
15549,MEM10846,3
15057,MEM10847,3
12574,MEM10848,1
13330,MEM10849,3
12853,MEM10850,1
13538,MEM10851,2
13141,MEM10852,3
15365,MEM10853,3
13709,MEM10854,1
17329,MEM10855,1
14805,MEM10856,3
16897,MEM10857,2
14595,MEM10858,1
13161,MEM10859,3
17431,MEM10860,3
12528,MEM10861,2
15448,MEM10862,2
17314,MEM10863,1
18145,MEM10864,2
14467,MEM10865,2
15144,MEM10866,2
16407,MEM10867,2
17619,MEM10868,1
12778,MEM10869,3
17604,MEM10870,3
13600,MEM10871,3
15058,MEM10872,3
16612,MEM10873,1
14627,MEM10874,3
17356,MEM10875,2
12836,MEM10876,1
13939,MEM10877,3
16745,MEM10878,2
13606,MEM10879,2
13494,MEM10880,2
12929,MEM10881,3
17035,MEM10882,1
15203,MEM10883,2
16515,MEM10884,3
12373,MEM10885,2
12775,MEM10886,2
14549,MEM10887,1
15981,MEM10888,3
17376,MEM10889,3
13110,MEM10890,3
12676,MEM10891,1
15971,MEM10892,2
14665,MEM10893,3
15589,MEM10894,2
14411,MEM10895,1
17560,MEM10896,1
15226,MEM10897,1
16156,MEM10898,3
13728,MEM10899,1
14127,MEM10900,3
16378,MEM10901,2
13894,MEM10902,1
13824,MEM10903,2
18250,MEM10904,2
15270,MEM10905,3
14188,MEM10906,3
18017,MEM10907,1
17446,MEM10908,3
12350,MEM10909,2
17337,MEM10910,2
13873,MEM10911,1
13394,MEM10912,3
12502,MEM10913,3
16333,MEM10914,2
16030,MEM10915,3
17672,MEM10916,1
12464,MEM10917,3
13581,MEM10918,2
14540,MEM10919,2
15885,MEM10920,3
17507,MEM10921,2
17334,MEM10922,2
13871,MEM10923,2
16938,MEM10924,3
12410,MEM10925,3
17517,MEM10926,3
17226,MEM10927,1
13137,MEM10928,1
13725,MEM10929,3
13309,MEM10930,1
12842,MEM10931,2
17291,MEM10932,2
15090,MEM10933,1
13911,MEM10934,2
14194,MEM10935,2
13584,MEM10936,2
17105,MEM10937,1
14438,MEM10938,3
12956,MEM10939,3
15781,MEM10940,1
14410,MEM10941,1
13334,MEM10942,2
13955,MEM10943,3
17162,MEM10944,1
13809,MEM10945,3
15407,MEM10946,3
17859,MEM10947,2
16951,MEM10948,3
16998,MEM10949,2
15843,MEM10950,2
17083,MEM10951,3
13590,MEM10952,1
12401,MEM10953,2
12462,MEM10954,2
13706,MEM10955,2
17940,MEM10956,2
17686,MEM10957,2
14431,MEM10958,3
15809,MEM10959,2
18093,MEM10960,3
16027,MEM10961,2
12857,MEM10962,2
16425,MEM10963,3
16842,MEM10964,3
15796,MEM10965,2
17512,MEM10966,1
15550,MEM10967,1
14676,MEM10968,3
12505,MEM10969,1
18159,MEM10970,2
15638,MEM10971,2
13875,MEM10972,3
18084,MEM10973,3
17472,MEM10974,1
17255,MEM10975,1
16084,MEM10976,3
17667,MEM10977,3
12507,MEM10978,3
14631,MEM10979,2
13381,MEM10980,2
15236,MEM10981,3
13475,MEM10982,2
13717,MEM10983,1
12993,MEM10984,2
16738,MEM10985,1
15122,MEM10986,3
17612,MEM10987,1
17348,MEM10988,1
13893,MEM10989,3
13623,MEM10990,1
14346,MEM10991,2
16431,MEM10992,2
12616,MEM10993,1
16073,MEM10994,1
14897,MEM10995,1
14386,MEM10996,1
12455,MEM10997,1
15670,MEM10998,3
12653,MEM10999,2
16126,MEM11000,1
13414,MEM11001,1
12823,MEM11002,3
12372,MEM11003,2
14959,MEM11004,2
17422,MEM11005,2
17175,MEM11006,3
13018,MEM11007,1
15382,MEM11008,1
12654,MEM11009,2
15903,MEM11010,2
15785,MEM11011,1
18138,MEM11012,1
14379,MEM11013,2
14211,MEM11014,1
15228,MEM11015,1
16182,MEM11016,3
13489,MEM11017,3
13932,MEM11018,1
13951,MEM11019,1
12891,MEM11020,2
16466,MEM11021,2
16115,MEM11022,2
14162,MEM11023,2
14803,MEM11024,3
13744,MEM11025,2
12988,MEM11026,3
17323,MEM11027,3
12707,MEM11028,3
17361,MEM11029,3
18155,MEM11030,2
13477,MEM11031,2
16980,MEM11032,3
15146,MEM11033,2
12365,MEM11034,2
13044,MEM11035,1
16441,MEM11036,3
17002,MEM11037,1
15722,MEM11038,1
16349,MEM11039,1
16913,MEM11040,2
18114,MEM11041,1
12845,MEM11042,2
18188,MEM11043,3
16573,MEM11044,2
18196,MEM11045,2
13285,MEM11046,1
18151,MEM11047,3
13804,MEM11048,2
17499,MEM11049,2
14276,MEM11050,3
17711,MEM11051,2
13865,MEM11052,2
14289,MEM11053,2
16208,MEM11054,2
17063,MEM11055,3
13149,MEM11056,2
18068,MEM11057,3
15590,MEM11058,3
18231,MEM11059,2
14004,MEM11060,3
17139,MEM11061,2
14513,MEM11062,1
13118,MEM11063,1
17830,MEM11064,3
12565,MEM11065,1
12582,MEM11066,1
14231,MEM11067,3
17867,MEM11068,2
14880,MEM11069,3
15121,MEM11070,1
17117,MEM11071,3
12945,MEM11072,3
18056,MEM11073,1
16072,MEM11074,1
15543,MEM11075,3
13751,MEM11076,2
12633,MEM11077,3
13345,MEM11078,2
13870,MEM11079,2
16592,MEM11080,3
15712,MEM11081,2
13362,MEM11082,3
14470,MEM11083,2
17388,MEM11084,2
16841,MEM11085,3
13753,MEM11086,3
13666,MEM11087,1
12361,MEM11088,3
17663,MEM11089,3
13493,MEM11090,1
13684,MEM11091,2
13261,MEM11092,1
16598,MEM11093,1
14147,MEM11094,3
13971,MEM11095,1
13630,MEM11096,1
14745,MEM11097,1
12781,MEM11098,3
14036,MEM11099,2
12598,MEM11100,2
13675,MEM11101,2
15874,MEM11102,3
14046,MEM11103,1
13292,MEM11104,2
14056,MEM11105,1
15656,MEM11106,1
12811,MEM11107,1
16518,MEM11108,3
17165,MEM11109,2
14620,MEM11110,2
14740,MEM11111,3
16462,MEM11112,2
12428,MEM11113,3
16078,MEM11114,2
15676,MEM11115,3
15709,MEM11116,2
15241,MEM11117,3
12933,MEM11118,1
15092,MEM11119,3
12679,MEM11120,1
15319,MEM11121,3
13166,MEM11122,3
15733,MEM11123,2
13722,MEM11124,2
14934,MEM11125,2
16128,MEM11126,1
17770,MEM11127,1
15622,MEM11128,2
14473,MEM11129,2
15643,MEM11130,1
12873,MEM11131,2
17923,MEM11132,2
16217,MEM11133,2
17738,MEM11134,2
17426,MEM11135,3
16957,MEM11136,3
14483,MEM11137,2
16709,MEM11138,3
17856,MEM11139,1
18218,MEM11140,3
16159,MEM11141,1
17995,MEM11142,2
17789,MEM11143,1
17416,MEM11144,2
17652,MEM11145,2
13476,MEM11146,1
12817,MEM11147,3
15393,MEM11148,2
13014,MEM11149,1
17508,MEM11150,2
13931,MEM11151,2
12541,MEM11152,2
13382,MEM11153,2
15220,MEM11154,2
14570,MEM11155,3
14447,MEM11156,1
16449,MEM11157,2
17325,MEM11158,1
14995,MEM11159,2
16414,MEM11160,3
15681,MEM11161,3
14670,MEM11162,1
15675,MEM11163,2
15400,MEM11164,3
14499,MEM11165,3
18211,MEM11166,1
14504,MEM11167,1
15572,MEM11168,2
17107,MEM11169,3
14247,MEM11170,3
15554,MEM11171,3
14915,MEM11172,2
16136,MEM11173,1
12614,MEM11174,1
13344,MEM11175,2
14214,MEM11176,2
17654,MEM11177,2
15026,MEM11178,2
16517,MEM11179,1
14817,MEM11180,1
17092,MEM11181,1
15869,MEM11182,2
17817,MEM11183,2
15764,MEM11184,3
15806,MEM11185,2
13340,MEM11186,1
16917,MEM11187,3
14407,MEM11188,3
13975,MEM11189,2
14367,MEM11190,2
13373,MEM11191,2
16712,MEM11192,1
17639,MEM11193,1
16426,MEM11194,2
16495,MEM11195,1
14507,MEM11196,2
12759,MEM11197,3
15206,MEM11198,2
14013,MEM11199,3
14645,MEM11200,2
15071,MEM11201,1
13026,MEM11202,2
12881,MEM11203,2
17864,MEM11204,1
16572,MEM11205,1
14165,MEM11206,3
15367,MEM11207,2
14291,MEM11208,1
15632,MEM11209,2
14297,MEM11210,2
18173,MEM11211,2
14854,MEM11212,3
14064,MEM11213,1
15308,MEM11214,3
14350,MEM11215,2
16080,MEM11216,2
14727,MEM11217,1
14077,MEM11218,3
16475,MEM11219,1
13265,MEM11220,2
15049,MEM11221,1
18149,MEM11222,1
16652,MEM11223,3
16766,MEM11224,3
17164,MEM11225,1
14352,MEM11226,2
17351,MEM11227,2
16693,MEM11228,2
13956,MEM11229,2
13708,MEM11230,1
15918,MEM11231,3
15671,MEM11232,1
16807,MEM11233,3
15125,MEM11234,3
13452,MEM11235,3
15493,MEM11236,1
16005,MEM11237,3
15047,MEM11238,1
14193,MEM11239,2
17080,MEM11240,3
15106,MEM11241,3
16214,MEM11242,1
14226,MEM11243,2
13121,MEM11244,3
12994,MEM11245,3
16152,MEM11246,3
16040,MEM11247,3
15793,MEM11248,2
13358,MEM11249,2
15182,MEM11250,2
16383,MEM11251,1
15381,MEM11252,3
12597,MEM11253,1
12435,MEM11254,3
12955,MEM11255,3
17716,MEM11256,1
13185,MEM11257,2
13216,MEM11258,3
13533,MEM11259,3
15433,MEM11260,3
12937,MEM11261,1
17603,MEM11262,2
16216,MEM11263,1
16377,MEM11264,2
16976,MEM11265,2
12514,MEM11266,3
18210,MEM11267,1
13631,MEM11268,2
14422,MEM11269,1
15648,MEM11270,1
17725,MEM11271,3
13072,MEM11272,3
15695,MEM11273,2
14059,MEM11274,1
16672,MEM11275,3
16256,MEM11276,1
13591,MEM11277,2
15483,MEM11278,1
15019,MEM11279,2
18270,MEM11280,2
14315,MEM11281,2
14041,MEM11282,3
17133,MEM11283,2
14155,MEM11284,3
17043,MEM11285,1
13046,MEM11286,2
14633,MEM11287,2
12948,MEM11288,2
15703,MEM11289,1
14071,MEM11290,1
17134,MEM11291,1
12902,MEM11292,2
16444,MEM11293,2
14232,MEM11294,1
12407,MEM11295,1
16728,MEM11296,2
16096,MEM11297,1
13592,MEM11298,3
15140,MEM11299,1
12843,MEM11300,2
14408,MEM11301,2
15408,MEM11302,2
15452,MEM11303,1
14223,MEM11304,3
16619,MEM11305,3
14762,MEM11306,1
15669,MEM11307,1
18224,MEM11308,1
14245,MEM11309,3
15855,MEM11310,2
13262,MEM11311,2
17152,MEM11312,2
14632,MEM11313,2
13900,MEM11314,1
15132,MEM11315,1
12831,MEM11316,3
15437,MEM11317,1
14711,MEM11318,1
16374,MEM11319,1
13196,MEM11320,2
15457,MEM11321,3
16721,MEM11322,3
17733,MEM11323,1
17102,MEM11324,2
13239,MEM11325,1
14870,MEM11326,1
13821,MEM11327,2
17096,MEM11328,1
12604,MEM11329,2
12818,MEM11330,2
18191,MEM11331,3
16859,MEM11332,1
17486,MEM11333,2
14607,MEM11334,2
13249,MEM11335,3
15644,MEM11336,3
17250,MEM11337,2
17966,MEM11338,1
13035,MEM11339,2
13341,MEM11340,3
16620,MEM11341,2
13736,MEM11342,1
16022,MEM11343,2
16769,MEM11344,2
17754,MEM11345,3
12408,MEM11346,3
16063,MEM11347,1
15178,MEM11348,1
13695,MEM11349,1
17979,MEM11350,1
13139,MEM11351,3
14758,MEM11352,1
14536,MEM11353,1
13662,MEM11354,3
17946,MEM11355,1
13743,MEM11356,3
18078,MEM11357,1
16780,MEM11358,1
18273,MEM11359,3
15045,MEM11360,2
17625,MEM11361,3
13357,MEM11362,2
16777,MEM11363,1
16245,MEM11364,3
12669,MEM11365,3
12792,MEM11366,1
17765,MEM11367,2
15083,MEM11368,3
18010,MEM11369,1
13760,MEM11370,1
15624,MEM11371,2
17749,MEM11372,3
14538,MEM11373,3
14021,MEM11374,3
13037,MEM11375,3
18177,MEM11376,1
17931,MEM11377,2
15906,MEM11378,2
13439,MEM11379,3
12888,MEM11380,2
17594,MEM11381,1
17775,MEM11382,1
16657,MEM11383,1
13316,MEM11384,2
15364,MEM11385,2
15832,MEM11386,1
16092,MEM11387,3
16398,MEM11388,2
17438,MEM11389,1
13060,MEM11390,3
16386,MEM11391,3
14818,MEM11392,2
13571,MEM11393,2
12619,MEM11394,3
13573,MEM11395,1
13918,MEM11396,2
17212,MEM11397,1
14886,MEM11398,1
16609,MEM11399,3
16180,MEM11400,2
13462,MEM11401,1
18263,MEM11402,1
16960,MEM11403,1
13841,MEM11404,2
14852,MEM11405,1
12569,MEM11406,2
15691,MEM11407,2
14195,MEM11408,3
17758,MEM11409,1
14023,MEM11410,3
17669,MEM11411,3
16142,MEM11412,3
13059,MEM11413,1
15223,MEM11414,3
13294,MEM11415,2
15289,MEM11416,3
17956,MEM11417,3
14747,MEM11418,1
14719,MEM11419,1
13015,MEM11420,1
16586,MEM11421,1
14546,MEM11422,1
14535,MEM11423,2
16696,MEM11424,3
15145,MEM11425,3
13525,MEM11426,3
17409,MEM11427,1
15917,MEM11428,2
17440,MEM11429,3
17045,MEM11430,3
15201,MEM11431,2
14964,MEM11432,2
16031,MEM11433,3
17042,MEM11434,1
13771,MEM11435,3
18272,MEM11436,1
13731,MEM11437,2
12580,MEM11438,3
15530,MEM11439,2
13950,MEM11440,1
13752,MEM11441,2
14446,MEM11442,1
16209,MEM11443,2
15754,MEM11444,1
14981,MEM11445,1
17928,MEM11446,2
16261,MEM11447,1
17883,MEM11448,2
14619,MEM11449,2
13995,MEM11450,2
18040,MEM11451,2
15119,MEM11452,2
14924,MEM11453,2
15109,MEM11454,2
16623,MEM11455,2
12999,MEM11456,1
12717,MEM11457,3
14958,MEM11458,2
17054,MEM11459,2
17268,MEM11460,3
13508,MEM11461,2
13570,MEM11462,3
13232,MEM11463,2
18129,MEM11464,2
13632,MEM11465,1
15665,MEM11466,3
15655,MEM11467,3
16188,MEM11468,3
15214,MEM11469,1
17574,MEM11470,3
15737,MEM11471,3
18080,MEM11472,3
14339,MEM11473,1
12701,MEM11474,2
12596,MEM11475,3
14273,MEM11476,1
12363,MEM11477,1
13203,MEM11478,3
14628,MEM11479,1
15935,MEM11480,2
12910,MEM11481,1
15251,MEM11482,3
17160,MEM11483,1
16172,MEM11484,2
12463,MEM11485,2
14844,MEM11486,2
15212,MEM11487,3
14998,MEM11488,1
13484,MEM11489,1
16697,MEM11490,1
14931,MEM11491,2
18236,MEM11492,2
16454,MEM11493,2
15230,MEM11494,3
15134,MEM11495,3
16309,MEM11496,2
13544,MEM11497,3
14262,MEM11498,2
13134,MEM11499,3
17589,MEM11500,1
16097,MEM11501,3
13122,MEM11502,2
16966,MEM11503,2
14834,MEM11504,3
16348,MEM11505,2
15147,MEM11506,1
16131,MEM11507,3
17058,MEM11508,2
17704,MEM11509,1
16933,MEM11510,3
13772,MEM11511,1
16249,MEM11512,2
14163,MEM11513,1
14105,MEM11514,2
17142,MEM11515,3
12457,MEM11516,2
15135,MEM11517,1
16806,MEM11518,1
13952,MEM11519,2
13120,MEM11520,3
12769,MEM11521,2
13516,MEM11522,2
18079,MEM11523,2
12639,MEM11524,1
15027,MEM11525,2
18213,MEM11526,2
15985,MEM11527,1
16193,MEM11528,1
15172,MEM11529,1
13692,MEM11530,1
15745,MEM11531,1
17582,MEM11532,3
13474,MEM11533,3
17697,MEM11534,3
16639,MEM11535,2
16947,MEM11536,3
16226,MEM11537,3
18009,MEM11538,3
16399,MEM11539,2
14623,MEM11540,2
18064,MEM11541,1
15508,MEM11542,1
13647,MEM11543,3
15594,MEM11544,1
13479,MEM11545,3
13735,MEM11546,2
13376,MEM11547,1
13719,MEM11548,2
13101,MEM11549,3
15225,MEM11550,3
17217,MEM11551,2
14148,MEM11552,1
14626,MEM11553,2
18246,MEM11554,1
13485,MEM11555,2
15517,MEM11556,3
17115,MEM11557,3
17120,MEM11558,2
16611,MEM11559,1
15912,MEM11560,1
12506,MEM11561,3
12670,MEM11562,3
17588,MEM11563,1
14759,MEM11564,2
16185,MEM11565,2
13505,MEM11566,2
12354,MEM11567,2
17061,MEM11568,3
13223,MEM11569,2
16146,MEM11570,3
17109,MEM11571,3
12622,MEM11572,3
13482,MEM11573,1
14512,MEM11574,1
17670,MEM11575,2
16834,MEM11576,1
15108,MEM11577,1
16942,MEM11578,2
14640,MEM11579,3
16823,MEM11580,3
15237,MEM11581,3
12573,MEM11582,3
17854,MEM11583,3
18220,MEM11584,2
17436,MEM11585,3
16965,MEM11586,2
17187,MEM11587,3
13637,MEM11588,3
17991,MEM11589,3
16099,MEM11590,2
15768,MEM11591,1
16637,MEM11592,2
14240,MEM11593,1
15143,MEM11594,2
13229,MEM11595,1
15952,MEM11596,2
17893,MEM11597,3
14022,MEM11598,2
15210,MEM11599,2
16370,MEM11600,2
15376,MEM11601,3
14655,MEM11602,3
16055,MEM11603,3
14149,MEM11604,3
14191,MEM11605,3
13282,MEM11606,1
16230,MEM11607,2
18146,MEM11608,2
15976,MEM11609,1
17443,MEM11610,1
17974,MEM11611,3
13524,MEM11612,2
17955,MEM11613,2
14173,MEM11614,2
14948,MEM11615,3
17384,MEM11616,3
12593,MEM11617,2
13711,MEM11618,1
14515,MEM11619,2
16457,MEM11620,2
14199,MEM11621,3
13888,MEM11622,3
14423,MEM11623,2
14697,MEM11624,1
17522,MEM11625,2
13867,MEM11626,3
17624,MEM11627,1
14393,MEM11628,2
17578,MEM11629,3
13450,MEM11630,2
17423,MEM11631,3
18241,MEM11632,3
17174,MEM11633,1
13365,MEM11634,3
18227,MEM11635,1
14145,MEM11636,3
18235,MEM11637,2
16832,MEM11638,2
15258,MEM11639,2
15552,MEM11640,3
18170,MEM11641,1
14005,MEM11642,1
16121,MEM11643,3
18142,MEM11644,2
13642,MEM11645,3
15117,MEM11646,2
15704,MEM11647,2
16007,MEM11648,2
16232,MEM11649,1
17410,MEM11650,1
13835,MEM11651,2
13427,MEM11652,1
14353,MEM11653,3
12700,MEM11654,3
13003,MEM11655,2
16756,MEM11656,1
16440,MEM11657,2
12355,MEM11658,1
13055,MEM11659,1
13320,MEM11660,1
16357,MEM11661,1
17597,MEM11662,2
14397,MEM11663,1
13242,MEM11664,2
12684,MEM11665,1
14288,MEM11666,2
15063,MEM11667,1
13990,MEM11668,2
12749,MEM11669,3
16229,MEM11670,1
13404,MEM11671,1
15729,MEM11672,3
14731,MEM11673,1
15187,MEM11674,1
17664,MEM11675,3
14649,MEM11676,3
13235,MEM11677,3
14883,MEM11678,1
14681,MEM11679,1
14421,MEM11680,1
16116,MEM11681,3
14988,MEM11682,3
14364,MEM11683,2
16006,MEM11684,2
17932,MEM11685,1
14853,MEM11686,2
17658,MEM11687,2
17764,MEM11688,1
17970,MEM11689,2
15826,MEM11690,1
15907,MEM11691,3
14873,MEM11692,1
14689,MEM11693,2
16076,MEM11694,1
16283,MEM11695,3
17263,MEM11696,1
16877,MEM11697,3
12871,MEM11698,3
14489,MEM11699,2
14888,MEM11700,1
13456,MEM11701,3
13976,MEM11702,1
16139,MEM11703,3
15730,MEM11704,3
16266,MEM11705,3
15123,MEM11706,1
17505,MEM11707,1
12690,MEM11708,3
16446,MEM11709,1
17556,MEM11710,2
14583,MEM11711,2
16818,MEM11712,2
13572,MEM11713,2
14009,MEM11714,3
13258,MEM11715,3
14463,MEM11716,1
13192,MEM11717,3
16987,MEM11718,3
15116,MEM11719,3
17469,MEM11720,2
12620,MEM11721,1
16813,MEM11722,2
14859,MEM11723,2
16463,MEM11724,1
15791,MEM11725,1
13658,MEM11726,3
13887,MEM11728,3
17166,MEM11729,2
17926,MEM11730,2
13391,MEM11731,2
17455,MEM11732,3
13856,MEM11733,3
13243,MEM11734,1
15095,MEM11735,3
18150,MEM11736,1
13555,MEM11737,3
13227,MEM11738,1
17176,MEM11739,1
14837,MEM11740,1
14682,MEM11741,1
14921,MEM11742,1
14647,MEM11743,2
13885,MEM11744,1
12360,MEM11745,2
13546,MEM11746,1
15434,MEM11747,3
15734,MEM11748,1
13213,MEM11749,1
17521,MEM11750,3
15042,MEM11751,3
16091,MEM11752,1
15804,MEM11753,2
14593,MEM11754,3
16763,MEM11755,1
14705,MEM11756,1
12562,MEM11757,1
12815,MEM11758,2
16448,MEM11759,3
14584,MEM11760,2
12974,MEM11761,3
12493,MEM11762,1
16369,MEM11763,1
16275,MEM11764,1
14338,MEM11765,3
15402,MEM11766,1
16323,MEM11767,3
12426,MEM11768,1
14451,MEM11769,2
14823,MEM11770,2
15925,MEM11771,1
12787,MEM11772,3
15863,MEM11773,2
16483,MEM11774,3
13398,MEM11775,3
14819,MEM11776,2
12790,MEM11777,2
15163,MEM11778,2
18204,MEM11779,1
16969,MEM11780,2
13917,MEM11781,2
13062,MEM11782,3
15184,MEM11783,2
18135,MEM11784,2
14453,MEM11785,2
17900,MEM11786,2
12517,MEM11787,2
16529,MEM11788,2
16239,MEM11789,1
16117,MEM11790,3
16967,MEM11791,2
16659,MEM11792,2
16880,MEM11793,3
13435,MEM11794,2
13131,MEM11795,1
14891,MEM11796,2
16682,MEM11797,2
15453,MEM11798,2
16963,MEM11799,3
13682,MEM11800,1
12449,MEM11801,1
15349,MEM11802,3
16849,MEM11803,1
12802,MEM11804,1
16298,MEM11805,2
18248,MEM11806,1
15386,MEM11807,1
17252,MEM11808,1
16825,MEM11809,1
12380,MEM11810,2
13643,MEM11811,1
17015,MEM11812,2
14375,MEM11813,2
17987,MEM11814,2
17828,MEM11815,3
14561,MEM11816,1
16872,MEM11817,2
15238,MEM11818,2
13510,MEM11819,2
12406,MEM11820,2
14241,MEM11821,3
14132,MEM11822,1
14963,MEM11823,2
15252,MEM11824,1
16113,MEM11825,2
16107,MEM11826,1
17483,MEM11827,2
13686,MEM11828,3
16581,MEM11829,1
17234,MEM11830,1
17797,MEM11831,3
16614,MEM11832,2
12409,MEM11833,3
15411,MEM11834,1
14178,MEM11835,2
15098,MEM11836,2
12516,MEM11837,1
17265,MEM11838,1
13617,MEM11839,1
17242,MEM11840,2
17289,MEM11841,2
16018,MEM11842,3
14704,MEM11843,1
13761,MEM11844,3
13517,MEM11845,3
13936,MEM11846,1
16342,MEM11847,2
15036,MEM11848,1
13589,MEM11849,3
17579,MEM11850,2
17349,MEM11851,3
13080,MEM11852,2
13663,MEM11853,2
14503,MEM11854,1
13384,MEM11855,2
17101,MEM11856,3
14997,MEM11857,2
17155,MEM11858,1
16461,MEM11859,3
17536,MEM11860,2
16324,MEM11861,3
17651,MEM11862,2
14222,MEM11863,2
17490,MEM11864,3
16276,MEM11866,3
17193,MEM11867,2
14285,MEM11868,3
17642,MEM11869,3
12816,MEM11870,1
13826,MEM11871,2
13575,MEM11872,1
17157,MEM11873,1
16852,MEM11874,3
13618,MEM11875,3
16050,MEM11876,2
17879,MEM11877,2
17562,MEM11878,2
12450,MEM11879,3
13568,MEM11880,2
14820,MEM11881,2
16744,MEM11882,1
15700,MEM11883,3
17299,MEM11884,2
12837,MEM11885,2
15076,MEM11886,3
17444,MEM11887,1
15921,MEM11888,2
15747,MEM11889,2
15840,MEM11890,2
15016,MEM11891,2
15825,MEM11892,2
17159,MEM11893,3
12830,MEM11894,3
15507,MEM11895,2
18252,MEM11896,1
16526,MEM11897,3
12930,MEM11898,2
14960,MEM11899,2
12444,MEM11900,3
15412,MEM11901,3
12798,MEM11902,3
16114,MEM11903,3
13420,MEM11904,1
13780,MEM11905,3
15041,MEM11906,1
12379,MEM11907,2
17709,MEM11908,2
15253,MEM11909,2
17759,MEM11910,3
12465,MEM11911,3
12412,MEM11912,3
13937,MEM11913,2
12615,MEM11914,2
15186,MEM11915,2
13791,MEM11916,3
14795,MEM11917,1
17768,MEM11918,1
18112,MEM11919,1
17386,MEM11920,2
14104,MEM11921,3
16545,MEM11922,1
16671,MEM11923,2
14351,MEM11924,2
17750,MEM11925,2
16200,MEM11926,2
17997,MEM11927,1
14383,MEM11928,3
15537,MEM11929,2
14327,MEM11930,2
17837,MEM11931,1
12424,MEM11932,1
15578,MEM11933,2
15584,MEM11934,3
17123,MEM11935,3
16866,MEM11936,3
12922,MEM11937,1
14053,MEM11938,3
15007,MEM11939,1
17464,MEM11940,3
18265,MEM11941,3
14034,MEM11942,2
18203,MEM11943,2
16338,MEM11944,1
17046,MEM11945,1
13109,MEM11946,2
16829,MEM11947,1
14002,MEM11948,3
12977,MEM11949,1
13291,MEM11950,3
13583,MEM11951,3
16929,MEM11952,1
15505,MEM11953,2
13699,MEM11954,2
14493,MEM11955,3
13486,MEM11956,2
13302,MEM11957,2
16012,MEM11958,3
12635,MEM11959,1
17031,MEM11960,3
12461,MEM11961,1
12648,MEM11962,3
15920,MEM11963,1
18024,MEM11964,1
15467,MEM11965,2
16174,MEM11966,2
14552,MEM11967,2
13224,MEM11968,3
12358,MEM11969,2
13207,MEM11970,2
18122,MEM11971,1
12722,MEM11972,3
17405,MEM11973,3
15051,MEM11974,3
15895,MEM11975,2
15795,MEM11976,2
13669,MEM11977,2
16450,MEM11978,3
13667,MEM11979,1
14400,MEM11980,3
12405,MEM11981,1
14265,MEM11982,3
14847,MEM11983,1
16488,MEM11984,1
15256,MEM11985,3
14716,MEM11986,3
13933,MEM11987,2
14857,MEM11988,3
15839,MEM11989,2
13994,MEM11990,2
17554,MEM11991,1
17266,MEM11992,1
15004,MEM11993,1
14722,MEM11994,2
16054,MEM11995,2
16474,MEM11996,2
17984,MEM11997,1
17448,MEM11998,3
15369,MEM11999,2
13940,MEM12000,1
14029,MEM12001,3
17779,MEM12002,3
18180,MEM12003,1
12521,MEM12004,3
17866,MEM12005,2
15802,MEM12006,2
16464,MEM12007,1
17962,MEM12008,1
16149,MEM12009,1
14259,MEM12010,3
18143,MEM12011,1
17935,MEM12012,2
14517,MEM12013,3
17660,MEM12014,3
16041,MEM12015,3
15829,MEM12016,1
15232,MEM12017,3
12438,MEM12018,1
12627,MEM12019,2
13079,MEM12020,3
18262,MEM12021,2
13563,MEM12022,1
16305,MEM12023,2
17724,MEM12024,1
17703,MEM12025,2
13116,MEM12026,1
17040,MEM12027,3
14100,MEM12028,3
13814,MEM12029,2
16364,MEM12030,3
15372,MEM12031,2
15618,MEM12032,3
13379,MEM12033,2
13194,MEM12034,3
16447,MEM12035,1
14305,MEM12036,3
12397,MEM12037,1
14331,MEM12038,1
15105,MEM12039,2
18268,MEM12040,3
14855,MEM12041,3
15118,MEM12042,2
15746,MEM12043,3
12743,MEM12044,3
15942,MEM12045,2
15120,MEM12046,2
13277,MEM12047,2
18127,MEM12048,2
15149,MEM12049,2
18081,MEM12050,2
14511,MEM12051,2
12716,MEM12052,3
15776,MEM12053,3
12981,MEM12054,2
13106,MEM12055,3
14885,MEM12056,1
13388,MEM12057,3
17173,MEM12058,1
14947,MEM12059,2
17053,MEM12060,1
12534,MEM12061,3
12844,MEM12062,3
14567,MEM12063,1
12828,MEM12064,1
16984,MEM12065,2
17553,MEM12066,3
13075,MEM12067,1
15342,MEM12068,1
12644,MEM12069,1
17788,MEM12070,2
14076,MEM12071,3
13805,MEM12072,1
17887,MEM12073,2
13186,MEM12074,3
12750,MEM12075,3
15374,MEM12076,3
16102,MEM12077,2
15089,MEM12078,2
14972,MEM12079,3
17514,MEM12080,3
12917,MEM12081,3
12689,MEM12082,1
14768,MEM12083,2
17584,MEM12084,2
18099,MEM12085,3
17267,MEM12086,2
16302,MEM12087,2
13513,MEM12088,1
14720,MEM12089,2
18282,MEM12090,2
12610,MEM12091,3
13200,MEM12092,1
14079,MEM12093,1
14024,MEM12094,3
15198,MEM12095,1
12885,MEM12096,2
13016,MEM12097,2
15247,MEM12098,3
13355,MEM12099,3
16053,MEM12100,1
12384,MEM12101,3
15494,MEM12102,1
13645,MEM12103,2
15469,MEM12104,3
13307,MEM12105,2
17122,MEM12106,1
14406,MEM12107,2
15683,MEM12108,2
14301,MEM12109,1
14658,MEM12110,1
16836,MEM12111,3
15706,MEM12112,3
15480,MEM12113,2
15653,MEM12114,3
13159,MEM12115,1
13189,MEM12116,2
17637,MEM12117,2
12641,MEM12118,1
13470,MEM12119,3
16734,MEM12120,1
16706,MEM12121,1
17070,MEM12122,1
12688,MEM12123,2
13273,MEM12124,3
15472,MEM12125,3
12680,MEM12126,3
16582,MEM12127,3
12513,MEM12128,2
12418,MEM12129,1
16828,MEM12130,3
14712,MEM12131,3
12991,MEM12132,2
14772,MEM12133,3
12364,MEM12134,2
16330,MEM12135,1
14566,MEM12136,1
15701,MEM12137,3
12518,MEM12138,2
16201,MEM12139,2
16952,MEM12140,1
14387,MEM12141,2
17073,MEM12142,3
18147,MEM12143,2
14523,MEM12144,3
14418,MEM12145,1
13411,MEM12146,1
16093,MEM12147,3
17844,MEM12148,1
14687,MEM12149,1
16429,MEM12150,1
12715,MEM12151,1
18200,MEM12152,3
18167,MEM12153,1
17451,MEM12154,3
16641,MEM12155,2
15074,MEM12156,3
12492,MEM12157,2
17183,MEM12158,2
13778,MEM12159,2
12814,MEM12160,1
15866,MEM12161,1
13726,MEM12162,3
16278,MEM12163,3
12436,MEM12164,3
13147,MEM12165,2
13045,MEM12166,2
12739,MEM12167,2
14436,MEM12168,2
18027,MEM12169,3
16674,MEM12170,3
16173,MEM12171,3
16761,MEM12172,1
14067,MEM12173,3
14335,MEM12174,1
14965,MEM12175,2
18261,MEM12176,2
15307,MEM12177,2
16820,MEM12178,3
17309,MEM12179,3
13949,MEM12180,2
14360,MEM12181,3
16400,MEM12182,2
14208,MEM12183,2
12526,MEM12184,2
13210,MEM12185,2
17481,MEM12186,2
12685,MEM12187,2
17573,MEM12188,1
18222,MEM12189,3
13441,MEM12190,3
13823,MEM12191,1
12879,MEM12192,3
16603,MEM12193,1
14824,MEM12194,3
16910,MEM12195,2
15035,MEM12196,1
14508,MEM12197,2
13272,MEM12198,2
14212,MEM12199,2
13372,MEM12200,1
18255,MEM12201,1
14250,MEM12202,2
16796,MEM12203,2
14432,MEM12204,1
15782,MEM12205,3
12965,MEM12206,3
15533,MEM12207,2
18215,MEM12208,3
13431,MEM12209,3
16211,MEM12210,1
12884,MEM12211,2
16141,MEM12212,3
17919,MEM12213,1
13704,MEM12214,3
14020,MEM12215,3
16451,MEM12216,3
12940,MEM12217,3
15216,MEM12218,1
15522,MEM12219,2
17037,MEM12220,1
15343,MEM12221,1
14753,MEM12222,1
16959,MEM12223,1
18251,MEM12224,1
13032,MEM12225,1
12895,MEM12226,1
17640,MEM12227,3
13860,MEM12228,1
12756,MEM12229,3
18001,MEM12230,3
17347,MEM12231,2
12566,MEM12232,2
13321,MEM12233,3
15272,MEM12234,1
15322,MEM12235,1
13518,MEM12236,1
14306,MEM12237,3
17679,MEM12238,1
16160,MEM12239,2
15573,MEM12240,3
14894,MEM12241,1
17434,MEM12242,1
15511,MEM12243,1
17846,MEM12244,3
15417,MEM12245,2
12995,MEM12246,2
14557,MEM12247,2
16108,MEM12248,3
17144,MEM12249,1
15099,MEM12250,3
13323,MEM12251,3
14124,MEM12252,2
15975,MEM12253,2
13566,MEM12254,3
16689,MEM12255,1
16438,MEM12256,2
13067,MEM12257,2
13325,MEM12258,1
12640,MEM12259,3
13774,MEM12260,1
12497,MEM12261,3
12752,MEM12262,2
15504,MEM12263,1
17557,MEM12264,2
13228,MEM12265,1
14356,MEM12266,1
13416,MEM12267,2
17628,MEM12268,1
16215,MEM12269,1
14164,MEM12270,3
15888,MEM12271,3
17564,MEM12272,3
12390,MEM12273,2
18228,MEM12274,1
17415,MEM12275,3
13350,MEM12276,1
12550,MEM12277,3
17475,MEM12278,2
14780,MEM12279,1
14887,MEM12280,2
17466,MEM12281,3
16379,MEM12282,2
17172,MEM12283,2
16213,MEM12284,3
12657,MEM12285,3
15571,MEM12286,2
15484,MEM12287,2
12936,MEM12288,2
16236,MEM12289,1
16669,MEM12290,2
15398,MEM12291,1
12906,MEM12292,2
17079,MEM12293,2
14125,MEM12294,1
17163,MEM12295,3
12546,MEM12296,3
15744,MEM12297,2
13127,MEM12298,3
15714,MEM12299,2
17480,MEM12300,2
15763,MEM12301,3
15075,MEM12302,1
14014,MEM12303,2
13336,MEM12304,1
14652,MEM12305,2
15807,MEM12306,3
15762,MEM12307,3
15978,MEM12308,3
12488,MEM12309,3
16480,MEM12310,3
17006,MEM12311,3
17498,MEM12312,1
16049,MEM12313,3
14757,MEM12314,3
16198,MEM12315,3
13670,MEM12316,1
18066,MEM12317,3
13429,MEM12318,2
13390,MEM12319,2
12925,MEM12320,1
14908,MEM12321,1
13639,MEM12322,2
15492,MEM12323,3
15344,MEM12324,3
13866,MEM12325,1
12612,MEM12326,1
16999,MEM12327,1
18278,MEM12328,1
13979,MEM12329,2
16354,MEM12330,3
16119,MEM12331,3
14109,MEM12332,1
16157,MEM12333,1
13924,MEM12334,3
14434,MEM12335,1
13061,MEM12336,2
16650,MEM12337,3
17447,MEM12338,2
15175,MEM12339,1
13960,MEM12340,3
16361,MEM12341,1
13886,MEM12342,2
13354,MEM12343,3
16653,MEM12344,3
13759,MEM12345,1
12718,MEM12346,2
12703,MEM12347,1
16268,MEM12348,3
18053,MEM12349,1
16101,MEM12350,3
15565,MEM12351,1
15593,MEM12352,2
15287,MEM12353,1
13347,MEM12354,2
15185,MEM12355,2
16404,MEM12356,2
16613,MEM12357,1
16591,MEM12358,1
15774,MEM12359,2
16930,MEM12360,2
18059,MEM12361,2
14488,MEM12362,2
14333,MEM12363,1
13635,MEM12364,2
17330,MEM12365,3
17321,MEM12366,2
14815,MEM12367,1
15930,MEM12368,1
16183,MEM12369,2
13297,MEM12370,1
13801,MEM12371,2
16881,MEM12372,2
17014,MEM12373,2
13351,MEM12374,1
17957,MEM12375,1
15127,MEM12376,3
16106,MEM12377,3
13483,MEM12378,2
17382,MEM12379,3
12789,MEM12380,1
17222,MEM12381,3
16803,MEM12382,2
14054,MEM12383,2
18033,MEM12384,1
13177,MEM12385,2
14317,MEM12386,3
15264,MEM12387,2
16432,MEM12388,2
13816,MEM12389,2
14518,MEM12390,2
13882,MEM12391,1
17453,MEM12392,3
15766,MEM12393,2
15300,MEM12394,2
14792,MEM12395,3
12420,MEM12396,3
14427,MEM12397,2
12519,MEM12398,3
15297,MEM12399,1
13876,MEM12400,2
13806,MEM12401,2
18096,MEM12402,3
13587,MEM12403,3
13419,MEM12404,1
17509,MEM12405,1
13689,MEM12406,3
13755,MEM12407,2
16104,MEM12408,3
16248,MEM12409,1
15787,MEM12410,3
16595,MEM12411,1
13260,MEM12412,3
15821,MEM12413,2
18088,MEM12414,3
13193,MEM12415,3
13212,MEM12416,2
14801,MEM12417,1
14027,MEM12418,3
16179,MEM12419,3
15473,MEM12420,2
17425,MEM12421,1
18169,MEM12422,1
18126,MEM12423,3
16982,MEM12424,1
15330,MEM12425,1
13685,MEM12426,2
16776,MEM12427,2
15553,MEM12428,2
17459,MEM12429,2
12772,MEM12430,2
16561,MEM12431,2
14121,MEM12432,2
12371,MEM12433,2
12824,MEM12434,3
14710,MEM12435,1
14624,MEM12436,2
16171,MEM12437,3
13690,MEM12438,3
17934,MEM12439,3
14642,MEM12440,3
16753,MEM12441,1
17737,MEM12442,2
13464,MEM12443,2
12498,MEM12444,1
14537,MEM12445,3
17279,MEM12446,3
14975,MEM12447,2
13853,MEM12448,2
16773,MEM12449,1
16430,MEM12450,1
16793,MEM12451,2
18130,MEM12452,3
17614,MEM12453,3
13858,MEM12454,1
14856,MEM12455,2
16413,MEM12456,2
12454,MEM12457,2
16243,MEM12458,2
16934,MEM12459,1
14547,MEM12460,1
16052,MEM12461,2
15113,MEM12462,2
18042,MEM12463,2
16563,MEM12464,2
17520,MEM12465,1
16412,MEM12466,3
17205,MEM12467,2
17534,MEM12468,3
17206,MEM12469,2
16932,MEM12470,3
16363,MEM12471,2
14830,MEM12472,1
17244,MEM12473,2
15637,MEM12474,1
16848,MEM12475,3
15678,MEM12476,1
14015,MEM12477,2
13594,MEM12478,3
15327,MEM12479,2
14554,MEM12480,2
12611,MEM12481,1
15604,MEM12482,2
14381,MEM12483,1
16851,MEM12484,2
17549,MEM12485,2
17973,MEM12486,3
15610,MEM12487,2
15853,MEM12488,2
18019,MEM12489,3
14698,MEM12490,1
16826,MEM12491,2
15803,MEM12492,3
15006,MEM12493,1
17350,MEM12494,2
14799,MEM12495,3
15814,MEM12496,2
16260,MEM12497,1
14638,MEM12498,1
17354,MEM12499,1
16177,MEM12500,2
13366,MEM12501,3
16284,MEM12502,3
16846,MEM12503,3
14484,MEM12504,2
13897,MEM12505,1
14585,MEM12506,3
17125,MEM12507,1
15836,MEM12508,1
13460,MEM12509,2
17832,MEM12510,3
12646,MEM12511,2
16015,MEM12512,1
16311,MEM12513,3
15740,MEM12514,1
15677,MEM12515,1
16017,MEM12516,3
13471,MEM12517,3
13598,MEM12518,2
18005,MEM12519,3
15427,MEM12520,1
15022,MEM12521,1
17111,MEM12522,1
14629,MEM12523,2
15592,MEM12524,3
16491,MEM12525,1
14764,MEM12526,2
16742,MEM12527,2
15142,MEM12528,3
17344,MEM12529,1
14474,MEM12530,3
15844,MEM12531,1
12398,MEM12532,3
15345,MEM12533,2
15158,MEM12534,1
13028,MEM12535,3
16056,MEM12536,1
16071,MEM12537,3
14539,MEM12538,1
14550,MEM12539,2
17712,MEM12540,2
15320,MEM12541,2
12448,MEM12542,2
17895,MEM12543,3
15948,MEM12544,2
15659,MEM12545,2
18154,MEM12546,3
18276,MEM12547,1
17684,MEM12548,2
17878,MEM12549,2
14752,MEM12550,2
16847,MEM12551,2
14971,MEM12552,3
17545,MEM12553,2
16026,MEM12554,2
16513,MEM12555,3
12430,MEM12556,2
14357,MEM12557,1
16855,MEM12558,2
16680,MEM12559,2
18035,MEM12560,2
16164,MEM12561,1
18030,MEM12562,3
14416,MEM12563,2
16601,MEM12564,3
14582,MEM12565,1
15748,MEM12566,1
16079,MEM12567,2
17590,MEM12568,1
14158,MEM12569,2
15385,MEM12570,3
16506,MEM12571,2
13822,MEM12572,2
16190,MEM12573,3
15444,MEM12574,1
12581,MEM12575,3
13103,MEM12576,3
13651,MEM12577,2
12588,MEM12578,3
15977,MEM12579,1
13697,MEM12580,2
14345,MEM12581,1
16830,MEM12582,1
17495,MEM12583,1
12491,MEM12584,1
13868,MEM12585,1
16971,MEM12586,3
15830,MEM12587,3
16790,MEM12588,3
14974,MEM12589,2
17595,MEM12590,3
17432,MEM12591,2
16337,MEM12592,3
14098,MEM12593,2
16347,MEM12594,1
16322,MEM12595,1
17403,MEM12596,2
16914,MEM12597,1
16602,MEM12598,2
13914,MEM12599,2
15010,MEM12600,1
18022,MEM12601,1
16318,MEM12602,3
15597,MEM12603,2
17084,MEM12604,3
15017,MEM12605,1
12882,MEM12606,3
17387,MEM12607,1
13532,MEM12608,2
16445,MEM12609,1
15156,MEM12610,1
16372,MEM12611,3
14174,MEM12612,3
14039,MEM12613,3
15883,MEM12614,2
17831,MEM12615,2
17761,MEM12616,2
15870,MEM12617,2
14080,MEM12618,2
13673,MEM12619,1
16070,MEM12620,1
13066,MEM12621,3
14929,MEM12622,1
13710,MEM12623,2
16732,MEM12624,1
17219,MEM12625,3
15957,MEM12626,1
18123,MEM12627,2
17313,MEM12628,1
18216,MEM12629,3
15153,MEM12630,2
16759,MEM12631,1
16751,MEM12632,2
12893,MEM12633,2
14836,MEM12634,2
17011,MEM12635,2
12532,MEM12636,1
17038,MEM12637,3
14968,MEM12638,3
12504,MEM12639,3
13522,MEM12640,2
13992,MEM12641,3
16953,MEM12642,1
18274,MEM12643,2
15450,MEM12644,1
15531,MEM12645,1
17500,MEM12646,3
17197,MEM12647,2
12659,MEM12648,3
17461,MEM12649,3
17791,MEM12650,3
15463,MEM12651,3
17977,MEM12652,2
14863,MEM12653,3
16903,MEM12654,2
12508,MEM12655,3
17502,MEM12656,1
12538,MEM12657,3
18209,MEM12658,2
16433,MEM12659,1
15692,MEM12660,2
17052,MEM12661,1
16368,MEM12662,2
13732,MEM12663,3
13091,MEM12664,2
14661,MEM12665,2
13170,MEM12666,1
13146,MEM12667,3
14788,MEM12668,1
13603,MEM12669,1
14382,MEM12670,2
14904,MEM12671,3
14494,MEM12672,1
14902,MEM12673,1
16936,MEM12674,1
12938,MEM12675,3
15168,MEM12676,2
18117,MEM12677,3
15458,MEM12678,1
17566,MEM12679,2
12762,MEM12680,3
17793,MEM12681,2
12374,MEM12682,3
16423,MEM12683,3
15758,MEM12684,3
15524,MEM12685,2
14725,MEM12686,3
14666,MEM12687,1
14714,MEM12688,3
17153,MEM12689,2
15720,MEM12690,3
15556,MEM12691,3
12890,MEM12692,3
15269,MEM12693,3
13926,MEM12694,2
16204,MEM12695,3
15432,MEM12696,2
17237,MEM12697,3
13160,MEM12698,2
17397,MEM12699,3
17985,MEM12700,1
13828,MEM12701,2
15435,MEM12702,1
12445,MEM12703,3
12603,MEM12704,1
14641,MEM12705,2
12618,MEM12706,3
15621,MEM12707,2
17904,MEM12708,1
14793,MEM12709,1
17650,MEM12710,2
16784,MEM12711,2
14052,MEM12712,2
18110,MEM12713,2
17561,MEM12714,2
15988,MEM12715,2
14950,MEM12716,3
14860,MEM12717,2
13832,MEM12718,2
13142,MEM12719,2
14300,MEM12720,3
12349,MEM12721,1
12658,MEM12722,1
15567,MEM12723,3
16406,MEM12724,2
15857,MEM12725,2
13739,MEM12726,2
18139,MEM12727,3
15274,MEM12728,3
15115,MEM12729,1
17100,MEM12730,2
13403,MEM12731,1
16956,MEM12732,1
17600,MEM12733,2
14424,MEM12734,1
13322,MEM12735,3
17297,MEM12736,2
12920,MEM12737,1
18249,MEM12738,3
15634,MEM12739,1
16376,MEM12740,2
16811,MEM12741,2
12452,MEM12742,1
14581,MEM12743,1
14675,MEM12744,3
17290,MEM12745,2
16343,MEM12746,2
12784,MEM12747,3
17458,MEM12748,2
14785,MEM12749,1
17254,MEM12750,3
17767,MEM12751,2
15725,MEM12752,3
15428,MEM12753,3
17727,MEM12754,3
17385,MEM12755,2
12531,MEM12756,2
15872,MEM12757,1
14966,MEM12758,3
17232,MEM12759,2
17468,MEM12760,1
13332,MEM12761,1
13256,MEM12762,1
13596,MEM12763,3
14954,MEM12764,3
17885,MEM12765,1
15721,MEM12766,3
17852,MEM12767,3
12479,MEM12768,3
12660,MEM12769,2
15540,MEM12770,3
17379,MEM12771,1
16800,MEM12772,1
17806,MEM12773,2
17359,MEM12774,3
14480,MEM12775,2
13349,MEM12776,1
15148,MEM12777,2
14601,MEM12778,2
15783,MEM12779,1
17772,MEM12780,1
14126,MEM12781,1
16479,MEM12782,1
15790,MEM12783,1
13521,MEM12784,2
14349,MEM12785,2
18058,MEM12786,2
15060,MEM12787,2
14804,MEM12788,1
12558,MEM12789,2
17942,MEM12790,1
13560,MEM12791,3
13017,MEM12792,1
13153,MEM12793,1
15773,MEM12794,1
16535,MEM12795,3
16988,MEM12796,3
15097,MEM12797,1
18015,MEM12798,3
16597,MEM12799,2
13790,MEM12800,2
12367,MEM12801,2
17383,MEM12802,2
12478,MEM12803,1
15992,MEM12804,2
15318,MEM12805,3
17914,MEM12806,3
16528,MEM12807,2
16569,MEM12808,2
12650,MEM12809,2
15195,MEM12810,1
14087,MEM12811,3
14204,MEM12812,2
15471,MEM12813,1
13298,MEM12814,1
12713,MEM12815,3